battery_capacity_mah_,headphone_form_factor,waterproof_standard,brand_name,battery_charging_time,battery_indicator,charging_interface_type,chipset,codecs,control_method,material,other_features,private_mold,sound_quality,volume_control,wireless_delay_time,product_name,game_atmosphere_light
420mah,In ear,IPX-5,havit,1-3 hours,LED,Type-c,Jl,None,App control,Abs,None,Yes,Hifi,Yes,30 Ms,,
300mAh,In ear,IPX-4,TWS Earbuds,1-3 hours,Digital Display,Type-C,JL,AAC,"App Control, Touch Control, Voice Control",Plastic,Perfect Sound,Yes,"Stereo, Surround Sound, Bass Boost",Yes,51-60 ms,,
<200mah,,IPX-4,,,LED,,JL,AAC,,GRS Recycled Material RABS plastic headphones,,Yes,,Yes,,GRS Recycled Material RPET RABS RPE RTPE Earphone Earbuds,
Rechargeable Battery,,,OEM/ODM,,,,,,,,"Rechargeable, Adjustable, Noise Reduction, digital processing, super clear sound, Eco-Friendly",,,,,Techmi OTC Hearing Aids,
1000-2000mah,In ear,IPX4,,,,,,,,In-ear,,,,,Yes,,
200-500mah,,IPX-4,,3-5 hours,Digital Display,Type-C,Others,LC3,,Plastic,Flashlight,No,High Fidelity (Hi-Fi),,51-60 ms,,
,,Other,OEM,,,Magnetic Materials,,,,Square,,,,,,Protective Case Smartwatch,
Rechargeable Battery,,,OEM/ODM,,,,,,,,"Rechargeable, Adjustable, Noise Reduction, digital processing, super clear sound, Eco-Friendly",,,,,Techmi OTC Hearing Aids,
300mAh,In ear,IPX-5,OEM,1-3 hours,LED,Type-C,Bluetrum,,App Control,"Leather, ABS",,No,High Fidelity (Hi-Fi),Yes,less than 30 ms,,Single Color
200-500mah,Ear-hook,IPX-4,suti,3-5 hours,LED,Type-C,Loda,LHDC,Touch Control,Metal,Reverse charging,No,High Fidelity (Hi-Fi),Yes,31-40 ms,,Single Color
200-500mah,,IPX-4,zayson,1-3 hours,LED,Type-C,Bluetrum,,Touch Control,Plastic,,Yes,Dynamic,,,,
200-500mah,In ear,IPX-4,ODM,1-3 hours,Digital Display,Type-C,Other,,Touch Control,Plastic,"Touch Screen, Translator",Yes,"High Fidelity (Hi-Fi), Stereo, Surround Sound, Bass Boost",Yes,,,
200mAh,In ear,IPX-7,OEM,1-3 hours,Digital Display,Micro USB,jl,APT-X,Touch Control,"Plastic, Metal",Touch Screen,Yes,100dB,Yes,less than 30 ms,,
200-500mah,,IPX-4,Transformers,1-3 hours,LED,Type-C,Other,"AAC, Sbc",Touch Control,Plastic,,Yes,"Bass Boost, High Fidelity (Hi-Fi), Stereo, Studio Level, Surround Sound",,41-50 ms,,No Light
200mAh,over ear,IPX-3,OEM/ODM,1-3 hours,LED,Type-C,Bluetrum,None,Button Control,ABS+PU,Reverse charging,Yes,High Fidelity (Hi-Fi),Yes,above 60 ms,,No Light
200Mah/auriculares inalambricos,In ear,IPX-5,,1-3 hours,LED,Type-C,JL,,"Touch Control, App Control",Plastic,"Translator, Touch Screen",Yes,High Fidelity (Hi-Fi),Yes,31-40 ms,,No Light
180 mah,Ear-hook,IPX-5,ALOVA,1-3 hours,LED,Type-C,BK,Sbc,Button Control,ABS+PC,Less Sound Leakage,Yes,No Noise Cancellation,Yes,51-60 ms,bluetooth headphones wireless,
30mAh/500mAh,,No,Bairui,1-3 hours,Digital Display,Type-C,JL7003D4,,"App Control, Touch Control",ABS,Touch Screen,No,High Fidelity (Hi-Fi),,31-40 ms,,No Light
200,Semi-in-ear,IPX-6,,1-3 hours,LED,Type-C,headset,,,Earphone,,Yes,High Fidelity (Hi-Fi),Yes,30Ms,,
Yes,,,ZH,,,Type-C,,,,Durable ABS,,,YES,,,,
400mah,In ear,IPX-4,MISHUAI,1-3 hours,LED,Type-C,Zhongke8932F,AAC,"App Control, Button Control",Plastic,,Yes,High Fidelity (Hi-Fi),No,51-60 ms,,No Light
300mAh,Semi-in-ear,IPX-4,LINX,1-3 hours,Digital Display,Type-C,Others,,Button Control,ABS+protein earmuffs+Sponge,,Yes,Stereo,Yes,above 60 ms,ANC Wireless Headset Earphone Active Noise Cancelling Headphones,No Light
200mAh,In ear,IPX-5,YUESHIYIN,1-3 hours,LED,Type-C,JL,AAC,Touch,"Plastic, Metal",Noise Cancelling,Yes,High,No,30 Ms,,Single Color
Yes,,,Custom,,,,,,,ABS,IPX4 waterproof,,,,,Bluetooth Shooting protection Earplugs,
,On Ear,IPX-2,OEM/ODM,1-3 hours,LED,Type-C,JL,Apt-X HD,Button Control,"Plastic, Leather",,Yes,"Stereo, Studio Level, Bass Boost, Surround Sound, High Fidelity (Hi-Fi)",Yes,above 60 ms,Headphones Gaming,
200-500mah,,IPX-3,OEM,1-3 hours,LED,Type-C,JL,None,Button Control,Plastic,Reverse charging,Yes,Stereo,,30 Ms,,No Light
None,,None,,5-7 Hours,,Type-C,Solo Buds,,,Solo Buds,,,,No,,,
No,,,EARMOR,,,,,,,headband type,Safety\soft\comfortable\disposable\waterproof\dustproof,,,,,Hearing Protection Earmuff,
30/150mAh,,IPX-4,TONGYI,1-3 hours,Digital Display,Type-C,Bluetrum,None,Touch Control,ABS+ELECTRONICS,,No,Stereo,,less than 30ms,,Single Color
200,Over-ear,IPX-9,None,1-3 hours,LED,Head-mounted,Other,None,Head-mounted,Abs,None,No,80,Yes,30 Ms,,
200-500mah,,IPX-4,,1-3 hours,,Type-C,JL,AAC,Touch Control,Plastic,,Yes,"Stereo, High Fidelity (Hi-Fi), Surround Sound",,31-40 ms,,
300mAh,In ear,IPX-5,Langsdom,1-3 hours,LED,Type-C,JL,AAC,"App Control, Button Control, Touch Control, Voice Control",Plastic,Stereo Sound Effects,Yes,"Bass Boost, Stereo, Surround Sound, Studio Level",Yes,41-50 ms,TWS Earbuds,Single Color
200-500mah,,IPX-5,OEM,1-3 hours,Digital Display,Type-C,JL,AAC,Touch Control,Plastic,,Yes,High Fidelity (Hi-Fi),,31-40 ms,,Single Color
200-500mah,In ear,IPX-5,F,1-3 hours,Digital Display,Type-C,ZHONGKE/HUILIAN,AAC,Touch Control,Plastic,Touch Screen,No,Bass Boost,Yes,less than 30 ms,,Single Color
200-500mah,In-ear,IPX-4,yisiwei,1-3 hours,LED,Type-C,,AAC,Touch Control,Plastic,,No,,Yes,less than 30 ms,,No Light
,,,GOODMI,,,,,,,ABS,blue-tooth earphone & sound amlifier,,,,,TWS hearing aid,
220mah,other,IPX-6,OEM,,LED,,JL,,,Plastic,,Yes,,,less than 30 ms,,
200-500mah,,IPX 0,OEM,1-3 hours,LED,Type-C,Blurtrum,AAC,Touch,ABS,,No,,Yes,,,MULTICOLOR
200-500mah,,IPX-4,OPY,1-3 hours,LED,Type-C,JL,,Touch Control,Plastic,Perfect Sound,Yes,"High Fidelity (Hi-Fi), Stereo",,31-40 ms,TWS Earbuds,Single Color
200-500mah,In ear,IPX-3,other,,LED,Type-C,Airoha,,Voice Control,"Metal, Plastic",Translator,,,,,,
200-500mah,In ear,IPX-5,,1-3 hours,Digital Display,Type-C,JL,,Touch Control,Plastic,Fast Charge,No,,Yes,31-40 ms,TWS Earbuds,
2.5mA,,/,Great-Ears,,Digital Display,,Other,,,ABS/Silica Gel,Cost Effective,,,,,BTE Hearing Aids,
800,In ear,IPX-5,,,LED,,JL,,,plastic,,Yes,,Yes,less than 30 ms,,
,In ear,IPX-4,GuideRay,,,,,,,Plastic,,,,,1.2m,,
30mAh/300mAh,,IPX-4,Bairui,1-3 hours,Digital Display,Type-C,,,,ABS,Touch Screen,No,Stereo,,31-40 ms,,Single Color
30,In ear,IPX-8,,3-5 hours,Digital Display,Type-C,JLZK,AAC,Button Control,"Plastic, ABS",Touch Screen,Yes,High Fidelity (Hi-Fi),No,less than 30 ms,Earbuds,No Light
180 mah,Ear-hook,IPX-5,ALOVA,1-3 hours,LED,Type-C,BK,Sbc,Button Control,ABS+PC,Less Sound Leakage,Yes,,Yes,51-60 ms,bluetooth headphones wireless,
480mAh,In ear,IPX-5,OEM,5-7 Hours,Digital Display,Type-C,JL,AAC,Button Control,ABS,,Yes,,Yes,51-60 ms,,
No,,,PROTEAR,,,,,,,headband type,,,,,,,
200-500mah,,IPX-6,Andowell,1-3 hours,LED,Type-C,JL,None,Touch Control,ABS,"Touch Screen, Translator",No,Stereo,,30 Ms,Air 31Wireless Headphones,Single Color
1000,Over ear,IPX-3,OneOdio,1-3 hours,LED,Type-C,Qualcomm,,Touch Control,Metal,,Yes,High Fidelity (Hi-Fi),Yes,20 ms,DJ Wireless Headphone,
,,Yes,KINGGARD,,,,,,,,,,Yes,Yes,,neckband earphone one unit,
1200mAh,Over ear,IPX-4,Teeline,,LED,,Qualcomm,,,ABS+PVC+Metal,Perfect Sound,Yes,,,,M35 Wireless ANC Headset,
200-500mah,,IPX-6,juhuaxin,1-3 hours,Digital Display,,SmartLink,SBC AAC,Touch Control,Metal,Gaming Earphone Stereo Earphones,,,,,TWS Wireless Earbuds,No Light
2.4G,On Ear,,Winbridge,1-3 hours,,Type-C,,,,ABS,,Yes,,,,Wireless Headphones Earbuds,
<200mah,,IPX-5,None,1-3 hours,LED,Type-C,Bluetrum,None,Touch Control,Plastic,,Yes,High Fidelity (Hi-Fi),,30 Ms,,No Light
295g,,,EARMOR,,,,,,,ABS+leather+hardware,,,,,,Tactical Headset Hunting Shooting protection Earmuffs,
200-500mah,,IPX-5,,1-3 hours,Digital Display,"Micro USB, Type-C",JL,AAC,Touch Control,Environmental new ABS + PP,Perfect Sound,Yes,High Fidelity (Hi-Fi),,less than 30ms,Gaming bt headset,No Light
,,,AcoSound,,,,,,,Medical Resin,,,,,,Sonar,
480mAh,,IPX-5,OEM,1-3 hours,Digital Display,Type-C,JL,AAC,Button Control,ABS,,Yes,"Bass Boost, Stereo",,41-50 ms,,
Yes,,,PROTEAR,,,Type-C,,,,ABS,,,,,,Smart Hearing Protection,
200-500mah,In ear,IPX-3,OEM,1-3 hours,Digital Display,Type-C,,,Touch Control,Plastic,,,,Yes,,,
200-500mah,,IPX-3,OEM,1-3 hours,LED,Type-C,JL,None,Button Control,Plastic,Reverse charging,Yes,Stereo,,30 Ms,,No Light
200-500mah,,IPX-4,,3-5 hours,Digital Display,Type-C,JL,AAC,Touch Control,Plastic,,No,,,,x55 earbuds,No Light
,,,PROTEAR,,,Type-C,,,,ABS,,,,,,Smart Hearing Protection,
200-500mah,,IPX-5,OEM,1-3 hours,LED,Type-C,JL,AAC,Touch Control,Plastic,,No,High Fidelity (Hi-Fi),,41-50 ms,,No Light
,,,ZH,,,None,,,,Durable ABS and nylon headband,,,,,,Wireless Earmuff,
500-1000mah,Ear-hook,IPX-7,Logo customization,1-3 hours,Digital Display,Type-C,JL,,Touch Control,ABS,Sport wireless headphone,Yes,,Yes,,,
≤109+3dBSPL,,IPX4 Splash-proof,Tomore,,,,,,,,"Rechargeable, Adjustable, Eco-Friendly, Noise Reduction, super clear sound, digital processing",,,,,,
35mA,In ear,IPX-4,Tensouny,,Digital Display,Type C,Jieli,,,ABS+PC,,Yes,,,above 60 ms,Mini sleep earbuds TWS,
300mAh,Semi-in-ear,IPX-4,LINX,1-3 hours,Digital Display,Type-C,Others,,Button Control,ABS+protein earmuffs+Sponge,,Yes,Stereo,Yes,above 60 ms,ANC Wireless Headset Earphone Active Noise Cancelling Headphones,No Light
200-500mah,Ear-clip,IPX-5,AIROHA,1-3 hours,Digital Display,"Type-C, Wireless Charging, magnetic charging",Airoha,Apt-X HD,Touch Control,Plastic,"Translator, Touch Screen, Reverse charging",Yes,"High Fidelity (Hi-Fi), Studio Level, Surround Sound",Yes,less than 30 ms,TWS Wireless Earbuds,Single Color
,In ear,IPX-4,GuideRay,,,,,,,Plastic,,,Environmental Noise Cancellation (ENC),,,,
500,,IPX-2,LP,1-3 hours,LED,,JL,AAC,Button Control,ABS,"Flashlight, Reverse charging, Touch Screen, Translator",Yes,High Fidelity (Hi-Fi),,41-50 ms,Wireless Earphones,RGB
200mAh,over ear,IPX-3,OEM/ODM,1-3 hours,LED,Type-C,Bluetrum,None,Button Control,ABS+PU,Reverse charging,Yes,High Fidelity (Hi-Fi),Yes,above 60 ms,,No Light
200-500mah,,IPX-4,YSS,1-3 hours,Digital Display,,,AAC,,Plastic,,No,"High Fidelity (Hi-Fi), Stereo",,41-50 ms,TWS Wireless Earbuds,Single Color
,,,FLYSOUND,,,,,,,,,,120dB,,,,
200mAh,In ear,IPX-4,none,,Digital Display,Micro-USB,JL,,,,,,,,41-50 ms,Earphone,
45mah,In ear,IPX-5,ALOVA,1-3 hours,LED,Type-C,DSP,"AAC, Sbc",Button Control,ABS+PC,Button Control,Yes,"Bass Boost, Surround Sound, Stereo",Yes,above 60 ms,HearBoost F12,No Light
200-500mah,In ear,IPX-4,,1-3 hours,Digital Display,Type-C,,,,Plastic,,Yes,High Fidelity (Hi-Fi),,,,
1200mAh,Over Ear,IPX-4,Teeline,,LED,,Qualcomm,,,ABS+PVC+Metal,,Yes,,,,M35 Wireless ANC Headset,
300,In ear,IPX-5,,,LED,,,,,,,,Active Noise Cancellation (ANC),Yes,,,
≤109+3dBSPL,,IPX4 Splash-proof,ToMore,,,,,,,,,,,,,,
500mah,,IPX-4,HUGEEL,3-5 hours,Digital Display,Type-C,AB5636D,,"Touch Control, App Control","Plastic, Metal",Touch Screen,,High Fidelity (Hi-Fi),,,Translation Earbuds with Smart Touch Display,
,,,,,,,,,,,,,,,,Sports Shooting Bluetooth Earbuds,
150MAH,,IPX-4,,,LED,Type C,JL,,Touch Control,ABS,,No,,,41-50 ms,Wireless Gaming In-ear Earphones,
,,,CYJ,,,,,,,Silicone,,Yes,,,,Oticon Vent Domes,
200-500mah,,IPX-4,aweiyi,1-3 hours,LED,Type-C,JL,None,Touch Control,Plastic,Touch Screen,Yes,High Fidelity (Hi-Fi),,less than 30ms,,Single Color
<200mah,,IPX-5,keyway,1-3 hours,LED,Type-C,JL,None,Touch Control,Plastic,,No,,,,Q60 TWS Earbuds,Single Color
500-1000mah,,IPX-5,,3 times,LED,,,AAC,,,,,,,above 60 ms,,No Light
160mah,,IPX-4,KINYO,1-3 hours,LED,Type-C,JL,LHDC,Touch Control,"Metal, ABS",,Yes,"Stereo, Surround Sound, Bass Boost",,51-60 ms,,No Light
480,,IPX-4,MI,1-3 hours,LED,Type-C,JL,AAC,Touch Control,plastic,,Yes,"High Fidelity (Hi-Fi), Bass Boost, Surround Sound, Stereo, Studio Level",,51-60 ms,,No Light
≤109+3dBSPL,,IPX4 Splash-proof,ToMore,,,,,,,,,,,,,,
200-500mah,In ear,IPX-4,,1-3 hours,Digital Display,Type-C,,,,Plastic,,Yes,High Fidelity (Hi-Fi),,,X87,
200-500mah,In ear,IPX-5,F,1-3 hours,Digital Display,Type-C,ZHONGKE/HUILIAN,AAC,Touch Control,Plastic,Touch Screen,No,Bass Boost,Yes,less than 30 ms,,Single Color
35mAh/400mAh,,IPX-4,SIBYL,,,,Blurtrum,,,ABS earphones headphones,,Yes,,,above 60 ms,,
200-500mah,Ear-hook,IPX-4,bairui,1-3 hours,Digital Display,Type-C,,,App Control,Plastic,,Yes,High Fidelity (Hi-Fi),Yes,31-40 ms,,
200-500mah,,Other,kky,1-3 hours,OTHERS,Type-C,Others,None,App Control,ABS,Reverse charging,No,High Fidelity (Hi-Fi),,above 60 ms,TWS Wireless Earbuds,RGB
180mAh,Ear-hook,IPX-5,ALOVA,1-3 hours,LED,Type-C,BK,Sbc,Button Control,"ABS, PC",,Yes,No Noise Cancellation,Yes,51-60 ms,Bluetooth Headphones Wireless,
500-1000mah,In ear,No,,,Digital Display,Type-C,JL,,,ABS,,Yes,Environmental Noise Cancellation (ENC),Yes,30 Ms,,
,,,,,,,,,,,,,,,,freight forwarder to USA UK CANADA AUSTRALIA NETHERLANDS,
200-500mah,Ear-hook,IPX-5,Hishell/OEM/ODM,1-3 hours,Digital Display,Type-C,,,Button Control,ABS,,No,High Fidelity (Hi-Fi),Yes,31-40 ms,,
200-500mah,,IPX-4,oem,1-3 hours,LED,Type-C,JL7006,Sbc,Touch Control,Plastic,,Yes,Stereo,,41-50 ms,,No Light
None,,None,,,LED indicator,,,,"touch control, voice control",,,Yes,,,,,
,,,,,,,,,,,,,,,,Freight Forwarder,
500-1000mah,,IPX5,,1-3 hours,Digital Display,"Type-C, Micro USB",,"AAC, Sbc",Touch Control,,,,,,,,
200-500mah,Semi-in-ear,IPX-4,SilverDeer,1-3 hours,Digital Display,Type-C,JL,,,"Plastic, Metal",,No,,Yes,31-40 ms,,
,In ear,IPX-4,GuideRay,,,,,,,Plastic,,,Environmental Noise Cancellation (ENC),,,,
500-1000mah,In ear,IPX-5,HXY,1-3 hours,LED,Type-C,JL,AAC,"Touch Control, App Control, Button Control",Plastic,,Yes,Stereo,Yes,30 Ms,,Single Color
200-500mah,,IPX-4,OEM,1-3 hours,LED,Type-C,AB5656,Sbc,Touch Control,Plastic,,Yes,Stereo,,,,No Light
None,In-Ear,IPX5,ZAYSON,1-3 hours,Digital Display,Type-C,Zhongke Lanxun,"AAC, APT-X",Touch Control,Plastic,"Noise-cancelling,Call function,Support music",Yes,Stereo,Yes,less than 30 ms,,Single Color
,,,TDP,,,,,,,Acrylic Plexiglass,,,,,,Acrylic Display Stand,
60mAh,Open-ear,IPX-5,Royaltenic,1-3 hours,Digital Display,Type-C,JL,AAC,Touch Control,ABS+PC,Touch Screen,Yes,"High Fidelity (Hi-Fi), Surround Sound, Stereo",Yes,less than 30 ms,,
,,,OEM,,,,,,,"P.P., Silicon",,,,,,,
200Mah/auriculares inalambricos,In ear,IPX-5,,1-3 hours,LED,Type-C,JL,,"Touch Control, App Control",Plastic,"Translator, Touch Screen",Yes,High Fidelity (Hi-Fi),Yes,31-40 ms,,No Light
,,,,,,,,,,,,,,,,Sports Shooting Bluetooth Earbuds,
200-500mah,In ear,IPX-4,SKJ,1-3 hours,LED,"Type-C, Wireless Charging",JL,"AAC, Sbc","Touch Control, Button Control",ABS+PC,,Yes,"High Fidelity (Hi-Fi), Stereo",No,less than 30 ms,,No Light
200-500mah,Ear-hook,IPX-4,suti,3-5 hours,LED,Type-C,Loda,LHDC,Touch Control,Metal,Reverse charging,No,High Fidelity (Hi-Fi),Yes,31-40 ms,,Single Color
500mah/35mAh,Open-ear,IPX-5,XINTU,1-3 hours,LED,Type-C,Bluetrum  5716,None,"Touch Control, Voice Control, App Control",ABS,Touch Screen,Yes,Stereo,,30 Ms,,Single Color
300mAh,In ear,IPX-5,Langsdom,1-3 hours,LED,Type-C,JL,AAC,"App Control, Button Control, Touch Control, Voice Control",Plastic,,Yes,"Bass Boost, Stereo, Surround Sound, Studio Level",Yes,41-50 ms,TWS Earbuds,Single Color
200-500mah,,IPX-4,,1-3 hours,,Type-C,JL,AAC,Touch Control,Plastic,,Yes,"Stereo, High Fidelity (Hi-Fi), Surround Sound",,31-40 ms,,
,,,,,,,,,,,,,,,,1,
200-500mah,In ear,IPX-3,SUN-RISE,1-3 hours,Digital Display,Type-C,,,Touch Control,Plastic,,,,Yes,,,
600mAh,over-ear,IPX-0,,,Digital Display,"Type-C, Micro USB",QCC3095,"LC3, Sbc","Touch Control, Button Control",,,Yes,,Yes,,Hybrid ANC Bluetooth LE Audio Headphones,
200-500mah,,IPX5,,1-3 hours,,Type-C,Jerry.,,,ABS,"noise reduction, bone conduction, breathing light, long battery life",,,,,,RGB
,,Other,Havit,,,Type-C,,,,,,,,Yes,,Wireless Headphones,
200-500mah,,IPX-5,OEM,1-3 hours,Digital Display,Type-C,JL,AAC,Touch Control,Plastic,,Yes,High Fidelity (Hi-Fi),,31-40 ms,,Single Color
300,In ear,IPX-4,Langsdom,1-3 hours,Digital Display,,JL,,Touch Control,ABS,,Yes,,Yes,51-60 ms,Wireless Air Earphone,
,,IPX-5,YooKiE,1-3 hours,,Type-C,,Apt-X HD,Touch Control,Plastic,,Yes,,,,,No Light
320mAh,Over Ear,IPX-1,AKaudio,,,Micro USB,Qualcomm,"aptX, aptX Low Latency, AAC, SBC",,,,Yes,,,,,
<200mah,,Daily life,F9-5,1-3 hours,LED Digital Display,Type-C,Bluetooth v5.0 anti-interference chip,,Touch Control,ABS+PC,Listen Music,No,General,,30 Ms,TWS Wireless Earbuds,Single Color
200-500mah,In ear,IPX-4,Jue hong,1-3 hours,Digital Display,Type-C,JL,sbc,Yes,ABS,Perfect sound,Yes,Perfect sound,Yes,31-40 ms,Pro5s Earbuds,single color
200-500mah,In ear,IPX-4,quanyunzs,1-3 hours,LED,Type-C,JL,,Touch Control,ABS+PC,,Yes,,Yes,51-60 ms,,No Light
None,In-ear,None,,,digital display screen,,Luoda,,voice control,PC+ABS,,,,,,,
200mAh,Ear-clip,IPX-3,Andowell,,LED,,,,,Plastic,,No,Studio Level,,less than 30 ms,M25 Transparent TWS Wireless BT Earphone,Single Color
,,IPX-4,Other,1-3 hours,LED,Micro USB,JL,,Touch Control,ABS,,No,,Yes,31-40ms,,
200-500mah,,IPX-6,JUHUAXIN,1-3 hours,Digital Display,,SmartLink,,Touch Control,Metal,Touch Screen,,High Fidelity (Hi-Fi),,,TWS Wireless Earbuds,No Light
<200mah,,IPX-5,None,1-3 hours,LED,Type-C,Bluetrum,None,Touch Control,Plastic,,Yes,High Fidelity (Hi-Fi),,30 Ms,,No Light
200-500mah,In ear,IPX-4,no,3-5 hours,LED,Type-C,Realtek,LHDC,Button Control,"Metal, Plastic",Reverse charging,No,Stereo,Yes,31-40 ms,F9 TWS earbuds,
,,IPX-4,,,,,Jerry,,,ABS,,,,,,Game Earphones TWS Wireless Earbuds,
200-500mah,Semi-in-ear,IPX-5,Yotosan,1-3 hours,LED,TYPE-C,JL6983D4,Sbc,"Touch Control, Button Control",Plastic,Reverse charging,Yes,High Fidelity (Hi-Fi),Yes,30 Ms,,No Light
200-500mah,,IPX-4,,3-5 hours,Digital Display,Type-C,Others,LC3,,Plastic,Flashlight,No,High Fidelity (Hi-Fi),,51-60 ms,,
400,,IPX-5,blueear,,LED,,JL6973D4,,,ABS,,Yes,,,41-50 ms,T17 TWS Headphones,
200-500mah,In ear,IPX-4,No,1-3 hours,Digital Display,Type-C,JL,AAC,Touch Control,ABS,,No,High Fidelity (Hi-Fi),Yes,31-40 ms,,No Light
300mah,In ear,IPX-4,Kanoshin,,Digital Display,Type-C,JL,,,ABS,,No,,,0,,
,,,OEM/ODM,,,,,,,,,,,,,Techmi OTC Hearing Aids,
200-500mah,,IPX-4,redmi,1-3 hours,LED,Type-C,Others,AAC,Touch Control,Plastic,,Yes,"Bass Boost, High Fidelity (Hi-Fi), Stereo, Studio Level, Surround Sound",,51-60 ms,,No Light
Yes,,,ZH,,,,,,,Durable ABS,,,,,,,
,,IPX-6,,,,,Earphone,,,Earphone,,,,,30Ms,Earphone,
500MAH,,IPX-6,,,LED,,JL,,,ABS+PVC,,No,,,,TWS Earbuds wireless earphone,
200,,IPX-5,M118,1-3 hours,LED,Type-c,Jl,LHDC,Ai voice recognition,Abs,Support,Yes,High-definition,,30 Ms,,Single Color
200-500mah,,IPX-6,,1-3 hours,LED,Type-C,JL,,Touch Control,Plastic,,,,,less than 30ms,,
2000-3000mah,,IPX-5,quanyunzs,1-3 hours,LED,Type-C,Blurtrum,AAC,Voice Control,Plastic,,Yes,,,above 60 ms,TWS Wireless Earbuds,No Light
<200mah,,IPX-4,YSS,1-3 hours,LED,Other,JL,AAC,Touch Control,Plastic,,No,,,41-50 ms,TWS Wireless Earbuds,Single Color
200mAh,Semi-in-ear,IPX-5,,,,,,,,"Plastic, ABS",,,,Yes,less than 30 ms,,
200-500mah,,IPX-4,Neutral / OEM Brands,1-3 hours,LED,Type-C,Bluetrum,,,Plastic,translator,Yes,,,31-40 ms,,
300/40 mAh,In ear,IPX-5,xintu,1-3 hours,Digital Display,Type-C,JL,AAC,Touch Screen,ABS,"Translator, Touch Screen",Yes,High Fidelity (Hi-Fi),Yes,less than 30 ms,JM21  ANC TWS Earbuds,Single Color
50mAh,,IPX-7,,about 30 minutes,LED,,jerry,None,touch,ABS,,Yes,,Yes,less than 30 ms,,
650mAh,In ear,IPX-5,OEM/ No Brand,1-3 hours,LED,Type-C,JL,"AAC, Sbc",Touch Control,Plastic,,Yes,Bass Boost,Yes,41-50 ms,Hot selling wireless earbuds with Quad Mic ENC,No Light
180 mAh,In ear,IPX-6,TKT,1-3 hours,LED,Type-C,JL,"LHDC, LDAC, Sbc",Touch Control,ABS,Noise Cancelling,Yes,"High Fidelity (Hi-Fi), Surround Sound, Stereo",No,less than 30 ms,Wireless Earbuds,No Light
200mAh,In ear,IPX-5,HCS,1-3 hours,LED,Type-C,Other,APT-X,"App Control, Touch Control",Plastic,"Flashlight, Touch Screen, Reverse charging",Yes,High Fidelity (Hi-Fi),Yes,less than 30 ms,,No Light
25mah/380mah,In ear,IPX-4,KINGSTAR,1-3 hours,LED,Type-C,JL,,"Touch Control, App Control",ABS,Touch Screen,Yes,,Yes,,TWS Earphones,
30mah,,IPX-5,None,1-3 hours,LED,Type-C,JL,LHDC,Button Control,Metal,Anc,Yes,Hifi,,30 Ms,,RGB
200-500mah,,IPX-3,VJBY,1-3 hours,LED,Type-C,JL,AAC,Button Control,Plastic,,Yes,Stereo,,51-60 ms,TWS Earphones,No Light
30mAH +300mAh,Semi-in-ear,IPX-4,,1-3 hours,Digital Display,Type-C,JL,AAC,Touch Control,ABS,,Yes,"High Fidelity (Hi-Fi), Stereo, Surround Sound, Bass Boost",Yes,41-50 ms,,
200-500mah,In ear,IPX-6,,1-3 hours,Digital Display,"Micro USB, Type-C",JL,LHDC,"Touch Control, Button Control",Plastic,Touch Screen,No,Stereo,Yes,31-40 ms,,RGB
,,IPX-5,Fugle,,LED,,"JL6973,  BT5.1",Sbc,,ABS,,Yes,,Yes,51-60 ms,TWS Earbuds,
200-500mah,,IPX-4,VX06,,,,,,,,,No,,,,,
200-500mah,,please contact sales for details,VALDUS,1-3 hours,Digital Display,Micro USB,please contact sales for details,,,,please contact sales for details,Yes,,,,,
300,In ear,IPX-4,Langsdom,,LED,,Blurtrum,,,ABS,,No,,,41-50 ms,TWS Earbuds,
200-500mah,,IPX-4,OEM,1-3 hours,Digital Display,TYPE-C,JL,AAC,Touch,ABS,Touch Screen,Yes,3D,,less than 30ms,,No Light
200-500mah,,IPX-4,,,,,,,,ABS,,,,,,,
200,In ear,IPX-4,no,1-3 hours,Digital Display,Type-C,JL,LHDC,Touch Control,ABS,no,Yes,High Fidelity (Hi-Fi),Yes,31-40 ms,TWS Wireless Earbuds,
35mah,,IPX-4,joyroom,1-3 hours,LED,,JL,,,ABS+PC,,Yes,,,51-60 ms,Wireless Bluetooth Earbuds,
200-500mah,,IPX-4,Kingstar,,Digital Display,,Jieli,None,,,,Yes,,,30 Ms,Kingstar TWS Earbuds,Single Color
200-500mah,,IPX-5,OEM,,Digital Display,,JL,,,ABS,,No,,,31-40 ms,,
30mAh/300mAh,,,,,,,JL,,,,,No,,,above 60 ms,TWS,
200-500mah,,IPX-4,,1-3 hours,Digital Display,Type-C,,,Button Control,Plastic,,,Stereo,,,,No Light
200-500mah,Ear-hook,IPX-5,,1-3 hours,Digital Display,Type-C,,,Touch Control,ABS,,Yes,"High Fidelity (Hi-Fi), Bass Boost, Surround Sound, Stereo",Yes,30 Ms,,
30mah,,IPX-4,OEM,1-3 hours,Digital Display,Type-C,JL 6983,,Button Control,Plastic,Flashlight,Yes,,Yes,40-50ms,In Ear TWS earbuds,
200mah,In ear,IPX-5,None,1-3 hours,LED,Type-C,Jl,,Button Control,ABS,,Yes,,No,30 Ms,,
,,IPX-4,OEM,about 3-4 Hours,LED,,JL,AAC,,plastic,,Yes,,Yes,above 60 ms,A6S Headphone Wireless,
,,IPX-7,,,LED,,JL6973,,,,,,,,51-60 ms,,
,,Other,OEM,1-3 hours,Digital Display,,jl,AAC,,Plastic,,Private Mold,,,41-50 ms,,No Light
,,IPX-5,OEM/ODM,1-3 hours,Digital Display,,JL,Apt-X HD,,,,Private Mold,,Yes,51-60 ms,Wireless Gaming Headphone,Multicolor
600,Open-ear,IPX-5,Langsdom,1-3 hours,LED,,Blurtrum,,,ABS,,Yes,,Yes,41-50 ms,Earbuds Bluetooth,
/,,,LSJ,,,,,,,,,,,,,,
2.5mA,,/,Great-Ears,,Digital Display,,Other,,,ABS/Silica Gel,,,,,,BTE Hearing Aids,
,,IPX-4,,,Digital Display,,jerry,,,,,,,,,,
200mah,,,OEM/ODM,,,,,,,Polyester,,,,,,,
<200mah,,IPX-4,,1-3 hours,Digital Display,Type-C,Bluetrum,"AAC, Sbc",Touch Control,Plastic,,No,"High Fidelity (Hi-Fi), Bass Boost, Surround Sound, Stereo",,less than 30ms,,No Light
,,,EARMOR,,,,,,,ABS,,,,,,Hunting shooting ear protection,
